Company Name,Website URL,Email,Phone,Social Media Link,Location
Plumbing Services,http://www.bigwigfeed.com,,+1 (917) 828-8019,,"15 Fulton St, New York, NY 10038"
Aabc Plumbing Services,,,+1 (866) 783-6389,,"226 W 58th St, New York, NY 10019"
NYC Plumbing Services,,,+1 (212) 537-9411,,"646 Amsterdam Ave, New York, NY 10025"
Bureau of General Services-Queer Division,http://www.bgsqd.com,contact@bgsqd.com,+1 (646) 457-0859,,"208 W 13th St (Seventh Avenue and Greenwich Avenue), New York, NY 10011"
Fast Response Leaking Water Plumbing,http://plumberr.com,,+1 (212) 537-9411,,"44 W 22nd St, New York, NY 10010"
Mr. Loo Plumbing,http://mrloo.us,,+1 (877) 258-1804,,"42 W 24th St, New York, NY 10010"
Palace Plumbing & Heating,http://www.palacesupply.com,,+1 (212) 675-0832,,"15 W 24th St, New York, NY 10010"
N.Y.C Plumbing and Heating,http://www.harlemplumbingandheating.info,,+1 (646) 491-7538,,"18 W 25th St, New York, NY 10010"
24 Hour Emergency Plumbing,,,+1 (212) 537-4057,,"1157 Broadway, New York, NY 10001"
KBM Brand Plumbing & Heating Co.,http://www.plumbingandheating.com,info@senidplumbing.com,+1 (212) 431-4871,,"138 W 18th St, New York, NY 10011"
Seventh Ave Plumbing and Heating,http://seventhaveplumbingandheating.info,seventhaveplumbheat@yahoo.com,+1 (212) 377-2925,,"119 7th Ave, New York, NY 10011"
Solco Plumbing Supply,http://www.ww4.solcoplumbing.com/mf.php,tacquavella@solco.com,+1 (212) 243-2569,,"209 W 18th St, New York, NY 10011"
Citywide Plumbing,http://www.plumbersnearyou.com/profile/citywide-plumbing-new-york-new-york.html,,+1 (212) 235-7312,,"244 5th Ave, New York, NY 10001"
New York Plumbing & Heating,http://nyplumbing.com,scottl@nyplumbing.com,+1 (212) 496-9191,,"244 5th Ave, New York, NY 10001"
Kapnag Heating & Plumbing,http://www.kapnagplumbing.com,walterd@cosmopak.com,+1 (212) 929-7111,,"150 W 28th St, New York, NY 10001"
Jay Ell Plumbing & Heating,http://www.jayellplumbing.com,info@jayellplumbing.net,+1 (212) 989-6670,,"307 7th Ave, New York, NY 10001"
Broadway Emergency Plumbing and Heating,http://broadwayemergencyplumbingandheating.info,,+1 (212) 293-1102,,"1186 Broadway, New York, NY 10001"
Finleys Plumbing Company,http://www.finleysplumbingcompany.info,finleysplumbingcompany@yahoo.com,+1 (212) 293-1541,,"145 W 28th St, New York, NY 10001"
Ashland Plumbing,http://www.ashlandplumbing.com,,+1 (212) 989-1320,,"242 W 20th St, New York, NY 10011"
"Herald Square Plumbing, Heating and Cooling",http://heraldsquareplumbingheatingandcooling.info,heraldsquareplumbingheating@yahoo.com,+1 (212) 377-2624,,"34 W 30th St, New York, NY 10001"
Losman Plumbing & Heating,http://www.aladdinplumbingcorp.com,,+1 (212) 684-0904,,"276 5th Ave, New York, NY 10001"
Union SQ plumbing and Heating,http://unionsqplumbingandheating.info,,+1 (212) 377-3048,,"44 Union Sq E, New York, NY 10003"
LWS Plumbing and Heating,http://www.lwsplumbingandheating.info,,+1 (212) 377-2680,,"504 Avenue of the Americas, New York, NY 10011"
Star Cities Plumbing & Heating,http://www.plumbersnearyou.com/profile/star-cities-plumbing-heating-new-york-new-york.html,,+1 (917) 310-0877,,"108 8th Ave, New York, NY 10011"
Empire Plumbing Heating and Cooling,http://empireplumbingheatingandcooling.info,,+1 (212) 293-1499,,"11 E 32nd St, New York, NY 10016"
IMP Plumbing & Heating,http://www.8thaveplumbingandheating.info,,+1 (845) 286-4827,,"412 8th Ave, New York, NY 10001"
Amkor Plumbing,,,+1 (212) 937-1126,,"318 W 16th St, New York, NY 10011"
Devictoria Plumbing,http://httpbayviewconsulting.net,,+1 (212) 481-8484,,"31 E 32nd St, New York, NY 10016"
Jumper Plumbing & Heating Gnl Contractors,,,+1 (212) 242-4250,,"403 W 21st St, New York, NY 10011"
Manhattan Plumbing and Heating,http://www.plumbersnearyou.com/profile/midtown-nyc-plumbing-new-york-new-york.html,,+1 (646) 626-5116,,"67 W 10th St, New York, NY 10011"
Tms Plumbing & Heating,,,+1 (212) 213-8108,,"121 E 31st St, New York, NY 10016"
Fifth Ave Emergency Plumbing & Heating,http://fifthaveemergencyplumbingandheating.info,fifthaveemergencyplumbingand@yahoo.com,+1 (212) 293-1537,,"366 5th Ave, New York, NY 10001"
University Place Plumbing and Heating,http://www.universityplaceplumbingandheating.info,,+1 (212) 377-3050,,"62 University Pl, New York, NY 10003"
Roto-Rooter Plumbing & Drain Service,https://www.rotorooter.com/manhattan,,+1 (212) 687-1215,,"450 Fashion Ave, New York, NY 10123"
Abergel Plumbing,,,+1 (212) 937-1132,,"211 E 19th St, New York, NY 10003"
RR Plumbing Roto-Rooter,https://www.rotorooter.com,,+1 (646) 661-6074,,"535 8th Ave, New York, NY 10018"
M & T Plumbing and Heating Co.,http://www.mtplumbing.com,markt@mtplumbing.com,+1 (212) 673-6700,,"120 E 13th St, New York, NY 10003"
Greenwich Plumbing and Heating,http://www.greenwichplumbingandheating.info,greenwichplumbingheating@yahoo.com,+1 (212) 377-2010,,"139 W 10th St, New York, NY 10014"
West Village Plumbing Heating and Coolin,http://www.westvillageplumbingheatingandcooling.info,wvillageplumbingheatingcool@yahoo.com,+1 (212) 293-1599,,"283 W 12th St, New York, NY 10014"
Chelsea Park Plumbing and Heating,http://www.chelseaparkplumbingandheating.info,,+1 (212) 293-1331,,"360 W 31st St, New York, NY 10001"
Kips Bay Plumbing and Heating,http://www.kipsbayplumbingandheating.info,,+1 (212) 377-2644,,"449 2nd Ave, New York, NY 10010"
Meatpacking District Plumbing and Heating,http://www.meatpackingdistrictplumbingandheating.info,meatpackingplumbheat@gmail.com,+1 (212) 377-2726,,"415 W 13th St, New York, NY 10014"
Highline Park Plumbing and Heating,http://highlineparkplumbingandheating.info,,+1 (212) 377-2628,,"239 10th Ave, New York, NY 10001"
Auto Rooter Plumbing Services,,,+1 (800) 243-4196,,"130 E 35th St, New York, NY 10016"
Superb Plumbing Heating,http://www.fashionplumbingandheating.info,,+1 (212) 302-0501,,"147 W 35th St, New York, NY 10018"
Daniel's Plumbing Services,http://www.plumbing-manhattan.com,,+1 (212) 319-2101,,"966 Broadway, New York, NY 10010"
Commercial Plumbing Services,http://cpsny.net/contact-us,,+1 (212) 239-6773,,"230 W 36th St, New York, NY 10018"
Ariel Quality Plumbing Services,http://www.arielservicesnyc.com,,+1 (646) 862-4939,,"17 Great Jones St, New York, NY 10012"
Systems 2000 Plumbing Services,,,,,"424 E 81st St, New York, NY 10028"
Auto Rooter Plumbing Services,,,,,"172 E 112th St, New York, NY 10029"
,,,,,